dataset,source,num_nodes,num_edges,num_features,num_classes,global_edge_homophily,local_node_homophily_mean,local_node_homophily_std,degree_mean,degree_std,class_distribution,same_class_edge_ratio,cross_class_edge_ratio,labels_posthoc_only
Cora,pyg,2708,5278,1433,7,0.8099659,0.82515783,0.29292536,3.8980798,5.2278184,"{""0"": 351, ""1"": 217, ""2"": 418, ""3"": 818, ""4"": 426, ""5"": 298, ""6"": 180}",0.8099659,0.1900341,True
Citeseer,pyg,3327,4552,3703,6,0.73550088,0.71658767,0.39206071,2.7363992,3.3808377,"{""0"": 264, ""1"": 590, ""2"": 668, ""3"": 701, ""4"": 596, ""5"": 508}",0.73550088,0.26449912,True
PubMed,pyg,19717,44324,500,3,0.80238697,0.79241231,0.35065952,4.4960187,7.4310031,"{""0"": 4103, ""1"": 7739, ""2"": 7875}",0.80238697,0.19761303,True
Chameleon,pyg,2277,31371,2325,5,0.22992573,0.24708591,0.22946985,27.554677,46.375718,"{""0"": 456, ""1"": 460, ""2"": 453, ""3"": 521, ""4"": 387}",0.22992573,0.77007427,True
Squirrel,pyg,5201,198353,2089,5,0.22213428,0.21720894,0.18151017,76.274947,161.44053,"{""0"": 1042, ""1"": 1040, ""2"": 1039, ""3"": 1040, ""4"": 1040}",0.22213428,0.77786572,True
Actor,pyg,7600,26659,932,5,0.21673731,0.21993501,0.26730187,7.0155263,17.772103,"{""0"": 853, ""1"": 1337, ""2"": 1630, ""3"": 1815, ""4"": 1965}",0.21673731,0.78326269,True
